DANCE,2018
Rearview Town,2018
Scared To Be Lonely Remixes Vol. 1,2017
Crowd Pleasers (Vol. II),2018
Speak Your Mind (Deluxe),2018
"Sit Still, Look Pretty",2016
Tales From Topographic Oceans,1973
Confident (Deluxe Edition),2015
Rise,2018
Lukas Graham,2015
Walk Don't Run,1960
Attention (Acoustic),2017
Familiar,2018
New,2017
Body Like A Back Road,2017
รท (Deluxe),2017
Thunder / Young Dumb & Broke (Medley),2017
Dessert,2015Gold,2006
Black,2016
Dua Lipa (Deluxe),2017
Know-It-All (Deluxe),2015
Closer (Remixes),2016
Your Song (Acoustic),2017
Fifty Shades Darker (Original Motion Picture Soundtrack),2017
Red Pill Blues,2017
Camila,2018
Know No Better,2017
Tip Toe (feat. French Montana),2017
So Good,2017
I'll Be There,2018
Expectations,2018
Issues (Alan Walker Remix),2017
Solo (feat. Demi Lovato),2018
No Promises (feat. Demi Lovato),2017
Tangled Up,2016
How To Be Single: Original Motion Picture Soundtrack,2016
Wildfire,2016
Love Lies,2018
Mercy (Loote Remix),2016
Joytime,2016
Symphony (feat. Zara Larsson) [Alternative Version],2017
hopeless fountain kingdom (Deluxe),2017
All Your Fault: Pt. 1,2017
Gone,2014
Don't Leave,2017
Hell's Kitchen Angel,2016
Hunter,2017
Swing Low,1961
All Your Fault: Pt. 2,2017
Solo,2004
Gold,2015
First Love,2017
The Wave,2018
A Version of Now,2016
Born To Be Yours,2018
No Roots EP,2017
Dancer,2018
album,year
Beach Boys,2014
1980's Best Tunes,2015
Tequila,2009
Songs From The Wood,1977
